DriverId,TripId,Timestamp,Distance,Duration,EndLatitude,EndLongitude,EndTime,StartLatitude,StartLongitude,StartTime
driver01,driver01.0077a20c-2c5b-4bdd-88c1-4c665b73eeb7.0,19.02.2015 15:23:07,11.5619433620053,1668,47.58302,-122.033463333333,23.10.2012 01:53:10,47.657505,-122.141036666667,23.10.2012 01:25:22
driver01,driver01.00f5ffd1-777b-49a7-8e19-ec373f98ecbd.0,19.02.2015 15:23:07,10.5364299613519,1217,47.6575283333333,-122.140831666667,18.10.2012 16:32:15,47.584015,-122.052193333333,18.10.2012 16:11:58
driver01,driver01.097accf2-c62f-4587-b0f3-3cdf1fff1721.0,19.02.2015 15:23:08,0.229658242566907,49,47.55104,-122.056435,25.10.2012 03:50:17,47.5490683333333,-122.057343333333,25.10.2012 03:49:28
driver01,driver01.0a40569b-058b-4bef-98f9-6849b8c1781f.0,19.02.2015 15:23:08,9.62010730651379,1217,47.6575316666667,-122.140793333333,25.10.2012 16:19:51,47.5921216666667,-122.056831666667,25.10.2012 15:59:34
driver01,driver01.0a49ab46-857f-41de-bfcc-718a38ad4d76.0,19.02.2015 15:23:09,10.8652251956551,1253,47.6585433333333,-122.141655,05.10.2012 16:34:57,47.5821383333333,-122.051353333333,05.10.2012 16:14:04
driver01,driver01.0c91b72e-5987-40b3-8a43-34e6ed3c8cc1.0,19.02.2015 15:23:10,10.7002953815138,1907,47.582935,-122.053185,04.10.2012 01:36:09,47.657615,-122.143158333333,04.10.2012 01:04:22
driver01,driver01.0fcb472e-48b7-4028-9291-a74101aec576.0,19.02.2015 15:23:12,20.0296726196235,1741,47.61512,-122.315613333333,14.10.2012 16:40:35,47.5834466666667,-122.052718333333,14.10.2012 16:11:34
driver01,driver01.1799be42-c4bd-4bd3-8c6e-ae5310f91ca6.0,19.02.2015 15:23:13,10.7517621190179,1897,47.582935,-122.053336666667,24.10.2012 01:37:00,47.6585766666667,-122.142631666667,24.10.2012 01:05:23
driver01,driver01.1c90942b-5f7b-4e62-af3b-176971c51134.0,19.02.2015 15:23:13,3.60925640189264,739,47.5507666666667,-122.0513,25.10.2012 02:56:41,47.5831983333333,-122.052901666667,25.10.2012 02:44:22
driver01,driver01.20ee4bb7-2971-41a6-a0e7-6a682b3ccd2c.0,19.02.2015 15:23:15,10.701873761841,2437,47.5829666666667,-122.053298333333,09.10.2012 01:28:41,47.6580466666667,-122.14257,09.10.2012 00:48:04
driver01,driver01.322ba2fb-81ff-4579-9aca-589c8568ed3b.0,19.02.2015 15:23:15,3.59364807211886,647,47.5829316666667,-122.053268333333,03.10.2012 01:47:09,47.55066,-122.050956666667,03.10.2012 01:36:22
driver01,driver01.364fa41e-d7c6-4a37-a0a1-8db6eda601d9.0,19.02.2015 15:23:16,10.7735452185298,1595,47.6583066666667,-122.14119,15.10.2012 16:18:57,47.58199,-122.052696666667,15.10.2012 15:52:22
driver01,driver01.3a50d060-1797-4048-ab27-33b047695149.0,19.02.2015 15:23:16,10.7327674784437,1558,47.658565,-122.141365,03.10.2012 16:35:02,47.5829166666667,-122.05249,03.10.2012 16:09:04
driver01,driver01.3b3c31a1-9ae7-4770-9120-654894007e25.0,19.02.2015 15:23:17,13.4124648213091,2417,47.55053,-122.051918333333,03.10.2012 01:25:21,47.6548233333333,-122.141693333333,03.10.2012 00:45:04
driver01,driver01.3c594a6f-eb4a-4812-96de-5f5c38f83982.0,19.02.2015 15:23:18,10.9017532900005,1591,47.6586183333333,-122.141655,23.10.2012 16:15:35,47.581265,-122.052353333333,23.10.2012 15:49:04
driver01,driver01.3ed997d4-dce8-4f99-898d-44e79ddb93e5.0,19.02.2015 15:23:19,10.578590406997,1577,47.58292,-122.053268333333,19.10.2012 01:51:51,47.6574633333333,-122.1409,19.10.2012 01:25:34
driver01,driver01.3f15978d-954c-4fa0-8d10-7b026c8748ad.0,19.02.2015 15:23:20,10.6374944096146,2238,47.6579816666667,-122.142403333333,16.10.2012 16:40:40,47.5837283333333,-122.052978333333,16.10.2012 16:03:22
driver01,driver01.4b6638b5-ea2f-43c2-adc2-b95fcfb24605.0,19.02.2015 15:23:21,10.7785240183126,1634,47.658635,-122.141776666667,11.10.2012 16:16:18,47.5833366666667,-122.051276666667,11.10.2012 15:49:04
driver01,driver01.55fc1809-67f6-430f-b288-90d6ada46e8c.0,19.02.2015 15:23:21,0.137100808610307,49,47.5478316666667,-122.055343333333,25.10.2012 03:32:15,47.5487666666667,-122.054153333333,25.10.2012 03:31:26
driver01,driver01.5e78903e-e207-467c-82e6-cd957e29a3df.0,19.02.2015 15:23:22,10.7197057443675,1908,47.5829166666667,-122.05323,16.10.2012 01:54:52,47.6579666666667,-122.142936666667,16.10.2012 01:23:04
driver01,driver01.5ef35847-d3e0-4413-a175-f584491f3fbc.0,19.02.2015 15:23:23,11.6726128414116,2221,47.583225,-122.033881666667,02.10.2012 01:43:35,47.6578366666667,-122.143371666667,02.10.2012 01:06:34
driver01,driver01.60137344-9f65-4420-ac48-40f4bc4ed830.0,19.02.2015 15:23:23,14.1059071731374,1348,47.6575783333333,-122.140808333333,09.10.2012 16:37:02,47.5503916666667,-122.040275,09.10.2012 16:14:34
driver01,driver01.614bf755-cbe8-4048-946d-e560fc45a41e.0,19.02.2015 15:23:25,10.5205320976561,1487,47.6575233333333,-122.140815,22.10.2012 16:18:15,47.5836216666667,-122.05323,22.10.2012 15:53:28
driver01,driver01.6876fb5f-7327-4226-9742-3b24ecaa6b33.0,19.02.2015 15:23:26,10.7556940851656,2297,47.5829466666667,-122.053298333333,11.10.2012 01:22:09,47.658375,-122.143073333333,11.10.2012 00:43:52
driver01,driver01.694d4223-b025-43a1-b477-71da0383a3aa.0,19.02.2015 15:23:26,0.799720260600891,107,47.6095316666667,-122.143348333333,14.10.2012 19:44:21,47.6167216666667,-122.143318333333,14.10.2012 19:42:34
driver01,driver01.6cfd8f46-9dcc-4e91-9fff-95bf3562cc82.0,19.02.2015 15:23:27,11.5229230985264,2417,47.5832283333333,-122.034133333333,10.10.2012 01:47:51,47.6575933333333,-122.141143333333,10.10.2012 01:07:34
driver01,driver01.72d94048-4909-485b-9b7e-bdefb5e03f71.0,19.02.2015 15:23:28,10.584533023118,1667,47.5829283333333,-122.053283333333,05.10.2012 01:43:51,47.6566966666667,-122.142471666667,05.10.2012 01:16:04
driver01,driver01.7499fd79-4525-49a9-825b-970194d26da3.0,19.02.2015 15:23:28,3.53386318771264,578,47.5828816666667,-122.053336666667,25.10.2012 04:23:30,47.5511466666667,-122.055603333333,25.10.2012 04:13:52
driver01,driver01.7e035c7c-4c3d-4d65-862e-431c258a5c68.0,19.02.2015 15:23:29,4.20306211652728,637,47.6094366666667,-122.143211666667,06.10.2012 00:46:29,47.647225,-122.143303333333,06.10.2012 00:35:52
driver01,driver01.82c161f2-15c7-42d5-92fa-2cfa8afc3119.0,19.02.2015 15:23:29,1.12922755062919,199,47.5829616666667,-122.053283333333,18.10.2012 01:34:53,47.5822566666667,-122.038268333333,18.10.2012 01:31:34
driver01,driver01.845960b8-d102-4352-a1df-a49c7cd1338f.0,19.02.2015 15:23:29,7.32165098165251,1337,47.582935,-122.053268333333,06.10.2012 01:13:51,47.6084516666667,-122.14325,06.10.2012 00:51:34
driver01,driver01.8d4b7f48-1d15-4e22-88b0-236e42febb92.0,19.02.2015 15:23:30,1.42800949647791,189,47.5829383333333,-122.03357,08.10.2012 01:31:01,47.5832933333333,-122.052596666667,08.10.2012 01:27:52
driver01,driver01.8f74adcf-fe31-41b7-bc2f-0438de40193d.0,19.02.2015 15:23:32,12.9752456903688,1292,47.61686,-122.143561666667,14.10.2012 19:30:06,47.613015,-122.31652,14.10.2012 19:08:34
driver01,driver01.930a53b2-e172-42f1-85b5-470140194075.0,19.02.2015 15:23:32,10.8157922310282,2158,47.5829283333333,-122.053298333333,12.10.2012 01:01:20,47.6584783333333,-122.144126666667,12.10.2012 00:25:22
driver01,driver01.96e4de47-0fcf-40c9-9e02-2aa53d3f4057.0,19.02.2015 15:23:33,1.40765783355621,428,47.5829283333333,-122.053405,23.10.2012 02:10:00,47.5823816666667,-122.03466,23.10.2012 02:02:52
driver01,driver01.97cbd81f-a06c-473d-8422-d17bae03c1dd.0,19.02.2015 15:23:33,3.59496069165237,577,47.5829316666667,-122.053283333333,14.10.2012 20:30:11,47.550625,-122.05185,14.10.2012 20:20:34
driver01,driver01.981378a1-c3b2-4412-b707-e1c4420ace18.0,19.02.2015 15:23:33,1.53932076386025,249,47.5817716666667,-122.032928333333,12.10.2012 02:34:13,47.583095,-122.053351666667,12.10.2012 02:30:04
driver01,driver01.981378a1-c3b2-4412-b707-e1c4420ace18.1,19.02.2015 15:23:34,3.58336266395757,367,47.55061,-122.051726666667,12.10.2012 02:43:29,47.5810816666667,-122.036225,12.10.2012 02:37:22
driver01,driver01.9d11be6f-17a1-4493-b8cc-68169c2b5c83.0,19.02.2015 15:23:35,10.7190796493686,1486,47.658355,-122.142143333333,04.10.2012 16:31:39,47.5830766666667,-122.052871666667,04.10.2012 16:06:53
driver01,driver01.9d8d85e2-ffc2-4a1d-9547-e4ea8bbe95c3.0,19.02.2015 15:23:35,10.7536529158727,1528,47.6586183333333,-122.14135,10.10.2012 16:30:02,47.5830533333333,-122.051871666667,10.10.2012 16:04:34
driver01,driver01.a611cb6a-6cef-4253-bc21-ade2bf1659b5.0,19.02.2015 15:23:36,3.94587592807515,527,47.5829233333333,-122.053298333333,12.10.2012 03:20:51,47.5474516666667,-122.05413,12.10.2012 03:12:04
driver01,driver01.a8273e08-5ddd-4870-b43e-eba239dd78b2.0,19.02.2015 15:23:36,0.368318175496148,77,47.5475166666667,-122.055396666667,12.10.2012 03:04:39,47.549965,-122.052093333333,12.10.2012 03:03:22
driver01,driver01.ab6b11cf-7a93-4391-ac98-162d4e47d0b6.0,19.02.2015 15:23:36,1.17484368721327,219,47.5829233333333,-122.053306666667,20.10.2012 18:00:07,47.5825266666667,-122.037658333333,20.10.2012 17:56:28
driver01,driver01.ac5dc19b-b417-4778-82be-af80d519f51c.0,19.02.2015 15:23:37,3.89759387309566,637,47.548195,-122.056571666667,07.10.2012 20:39:11,47.5831683333333,-122.053321666667,07.10.2012 20:28:34
driver01,driver01.b2ce62e3-1022-45c2-bc6d-8e30e681ba80.0,19.02.2015 15:23:38,10.7176330366416,1384,47.6586233333333,-122.141518333333,12.10.2012 15:42:26,47.5830266666667,-122.052871666667,12.10.2012 15:19:22
driver01,driver01.b3a039ae-2d5a-407c-ab84-80abe66490e6.0,19.02.2015 15:23:38,10.7702225968482,1294,47.658505,-122.142128333333,08.10.2012 16:29:56,47.582615,-122.052901666667,08.10.2012 16:08:22
driver01,driver01.b6b7df21-85ae-48ac-b0bc-7a424a6a8819.0,19.02.2015 15:23:39,10.7092897048662,1117,47.582935,-122.053238333333,20.10.2012 02:31:41,47.6578483333333,-122.142975,20.10.2012 02:13:04
driver01,driver01.c1f21aa7-476d-4990-be24-8e6ce563734e.0,19.02.2015 15:23:40,10.7127958184525,1107,47.5829316666667,-122.053298333333,25.10.2012 02:36:31,47.6578183333333,-122.143158333333,25.10.2012 02:18:04
driver01,driver01.c6adf80d-8278-404d-8236-83f2ac0eec03.0,19.02.2015 15:23:40,1.46985770310876,259,47.5832716666667,-122.033745,06.10.2012 20:42:41,47.583225,-122.053336666667,06.10.2012 20:38:22
driver01,driver01.cc2e07c6-6595-445e-b5f5-fb415d1c30f6.0,19.02.2015 15:23:40,1.46952008856305,229,47.5827066666667,-122.03357,20.10.2012 17:22:17,47.5835566666667,-122.053116666667,20.10.2012 17:18:28
driver01,driver01.cc4b4860-1979-4195-803d-70991313cc9a.0,19.02.2015 15:23:41,3.89888714808422,599,47.5829316666667,-122.053336666667,07.10.2012 21:15:22,47.54792,-122.055878333333,07.10.2012 21:05:23
driver01,driver01.cde76b29-46b7-4a5e-b16a-01aa748f98d8.0,19.02.2015 15:23:42,11.6654028880817,1877,47.58313,-122.033623333333,18.10.2012 01:23:21,47.6581566666667,-122.14235,18.10.2012 00:52:04
driver01,driver01.cf583a61-88ce-4873-ad89-5cdcdb737030.0,19.02.2015 15:23:42,10.5397937864164,1348,47.657555,-122.140846666667,17.10.2012 16:17:56,47.5837366666667,-122.052696666667,17.10.2012 15:55:28
driver01,driver01.d0bee55a-eadd-46f5-bd2c-c9834a8e0119.0,19.02.2015 15:23:43,9.23352768170297,738,47.550625,-122.051658333333,14.10.2012 20:01:52,47.6062133333333,-122.143058333333,14.10.2012 19:49:34
driver01,driver01.dde76fcc-575b-4a0a-b1f0-cc45773c740b.0,19.02.2015 15:23:44,10.5191637911642,1309,47.6580583333333,-122.141663333333,24.10.2012 16:43:24,47.5845566666667,-122.053368333333,24.10.2012 16:21:35
driver01,driver01.e3a50929-7b8d-4e57-9b26-e4da6522cf0b.0,19.02.2015 15:23:44,10.6808466159153,1546,47.658165,-122.14164,02.10.2012 16:40:50,47.5830683333333,-122.052848333333,02.10.2012 16:15:04
driver01,driver01.ec32cd99-f8a9-464c-9f3a-e7a29105734a.0,19.02.2015 15:23:45,10.3579221143081,1288,47.5827566666667,-122.052596666667,13.10.2012 01:16:20,47.6542816666667,-122.141068333333,13.10.2012 00:54:52
driver01,driver01.f2931920-a746-4232-9300-e365cf22d87e.0,19.02.2015 15:23:46,10.357680363349,2249,47.5829583333333,-122.053215,17.10.2012 01:16:31,47.6547883333333,-122.141136666667,17.10.2012 00:39:02
driver01,driver01.f3bd5e11-365f-46b2-a399-357de650cd24.0,19.02.2015 15:23:46,3.7898986313953,648,47.5502133333333,-122.040321666667,09.10.2012 14:58:52,47.5831333333333,-122.053351666667,09.10.2012 14:48:04
driver01,driver01.f5a401e6-c424-4fc5-8acd-5b831c8248a6.0,19.02.2015 15:23:47,1.03426192678051,547,47.582935,-122.053253333333,02.10.2012 01:58:35,47.5823333333333,-122.039496666667,02.10.2012 01:49:28
driver01,driver01.f6b10e99-3236-4027-8b95-9f86bce02ee9.0,19.02.2015 15:23:47,1.3954659508918,379,47.5829433333333,-122.053253333333,10.10.2012 02:13:41,47.5829016666667,-122.034653333333,10.10.2012 02:07:22
driver01,driver01.f8c35161-d7ae-4fa1-a969-c6de62850ff8.0,19.02.2015 15:23:48,9.61004808782243,989,47.6579483333333,-122.139968333333,19.10.2012 16:29:19,47.5921933333333,-122.056808333333,19.10.2012 16:12:50
driver01,driver01.fec23703-5965-4085-ae7b-c6cbdf85d403.0,19.02.2015 15:23:48,1.42022164451035,180,47.5829383333333,-122.053298333333,08.10.2012 01:42:04,47.5825233333333,-122.034378333333,08.10.2012 01:39:04
driver01,driver01.ff9e7747-1cc8-4980-ab87-e6b42a587f14.0,19.02.2015 15:23:48,1.43067526279579,310,47.5829383333333,-122.053306666667,06.10.2012 21:06:14,47.5827216666667,-122.03424,06.10.2012 21:01:04
driver02,driver02.00131453-5c6a-4174-894e-04f3b261aca9.0,19.02.2015 15:26:48,4.95340713854721,619,47.6812016666667,-122.10234,14.08.2012 01:25:23,47.6448216666667,-122.14048,14.08.2012 01:15:04
driver02,driver02.001cd471-2e3c-42d3-8fe2-fca9e984b64b.0,19.02.2015 15:26:49,6.03806372762773,717,47.7266316666667,-122.108718333333,14.07.2012 19:27:31,47.6723516666667,-122.109946666667,14.07.2012 19:15:34
driver02,driver02.0064fd95-680d-4497-87a9-c9571947ebc7.0,19.02.2015 15:26:49,5.23915200194012,928,47.6421283333333,-122.141335,02.08.2012 16:14:32,47.6812583333333,-122.102401666667,02.08.2012 15:59:04
driver02,driver02.00be481d-215b-47a0-8fa1-a98499813be0.0,19.02.2015 15:26:50,5.26375077833716,757,47.6819116666667,-122.18084,20.07.2012 17:57:42,47.6422116666667,-122.142593333333,20.07.2012 17:45:05
driver02,driver02.00ebcfb3-92dc-4896-8860-0054bba7eaab.0,19.02.2015 15:26:50,4.18109682540009,369,47.6519083333333,-122.145271666667,18.07.2012 13:15:31,47.6780883333333,-122.105216666667,18.07.2012 13:09:22
driver02,driver02.0125fb1d-b4bf-4094-baa2-76255256f8f2.0,19.02.2015 15:26:51,5.30960789281989,721,47.6415366666667,-122.141175,03.08.2012 15:59:53,47.681335,-122.102035,03.08.2012 15:47:52
driver02,driver02.03ecb751-68c1-4e74-b84b-4e401cabecc7.0,19.02.2015 15:26:51,31.296336551165,2138,47.4903183333333,-121.795921666667,11.08.2012 23:13:12,47.6812516666667,-122.102348333333,11.08.2012 22:37:34
driver02,driver02.065fad10-c36e-443c-a2f2-8d98d48c8389.0,19.02.2015 15:26:52,4.46208263775377,559,47.681225,-122.10234,25.07.2012 14:46:39,47.6522983333333,-122.143615,25.07.2012 14:37:20
driver02,driver02.0727ce4f-59a2-4f70-9a9b-5ee186a3e89e.0,19.02.2015 15:26:53,4.02483668362237,278,47.6519083333333,-122.145218333333,27.07.2012 13:18:06,47.6767766666667,-122.106186666667,27.07.2012 13:13:28
driver02,driver02.09a3cd0b-e8e3-4433-b3eb-d3ea58060cca.0,19.02.2015 15:26:53,4.47173082730613,348,47.681195,-122.10231,17.08.2012 14:36:22,47.6524466666667,-122.144043333333,17.08.2012 14:30:34
driver02,driver02.0a54d069-c5e0-4858-be27-9cd46c9d8bea.0,19.02.2015 15:26:53,4.48285842357462,509,47.6812633333333,-122.10234,18.07.2012 14:45:05,47.6518366666667,-122.143235,18.07.2012 14:36:36
driver02,driver02.0a9caee6-fe2a-4293-9a65-30e5918e5dca.0,19.02.2015 15:26:54,1.16276793367738,239,47.67215,-122.11,14.07.2012 19:08:51,47.6812666666667,-122.102401666667,14.07.2012 19:04:52
driver02,driver02.0cd0ac37-145e-406b-8649-710da2940344.0,19.02.2015 15:26:54,4.72223661055334,580,47.681195,-122.10231,13.07.2012 02:01:02,47.6461983333333,-122.138,13.07.2012 01:51:22
driver02,driver02.0e84ab14-8e23-4b29-99a2-42c7e2bd54ad.0,19.02.2015 15:26:54,5.25754101522534,1047,47.6419983333333,-122.141433333333,09.08.2012 16:09:44,47.6812483333333,-122.102325,09.08.2012 15:52:17
driver02,driver02.0fd82f88-553e-4b6d-bc71-9795ffc3abca.0,19.02.2015 15:26:55,4.57193506198765,369,47.65187,-122.145286666667,06.08.2012 13:12:43,47.6808166666667,-122.101951666667,06.08.2012 13:06:34
driver02,driver02.1194dde1-a188-4ca8-a18e-38681b2b083c.0,19.02.2015 15:26:56,3.17513086802304,480,47.6721466666667,-122.11007,16.07.2012 14:41:04,47.654525,-122.143416666667,16.07.2012 14:33:04
driver02,driver02.1194dde1-a188-4ca8-a18e-38681b2b083c.1,19.02.2015 15:26:56,0.530121445023522,139,47.68127,-122.10228,16.07.2012 14:47:47,47.677285,-122.106163333333,16.07.2012 14:45:28
driver02,driver02.13f25c69-d5c3-48b7-983c-e78bdad5d1aa.0,19.02.2015 15:26:56,3.81061369316872,1007,47.6720466666667,-122.11052,23.08.2012 01:36:21,47.6440766666667,-122.139893333333,23.08.2012 01:19:34
driver02,driver02.1683621d-26ee-475d-9bdf-d6372338bf53.0,19.02.2015 15:26:57,5.03844550701531,777,47.68121,-122.10234,19.07.2012 01:37:01,47.6441266666667,-122.140968333333,19.07.2012 01:24:04
driver02,driver02.191cee2f-536e-4638-bd3f-72aa24320c53.0,19.02.2015 15:26:57,5.21931475999285,557,47.641975,-122.140396666667,27.08.2012 16:03:51,47.681225,-122.102211666667,27.08.2012 15:54:34
driver02,driver02.197d3552-3e1d-4ecf-8237-c94261cd967a.0,19.02.2015 15:26:58,4.99612785640853,688,47.68121,-122.102348333333,21.08.2012 01:24:02,47.6442216666667,-122.14019,21.08.2012 01:12:34
driver02,driver02.1ce26fb1-c39f-4f6d-a996-c0b10fb34399.0,19.02.2015 15:26:58,4.59281162358588,388,47.6520316666667,-122.145065,13.08.2012 13:17:50,47.6811566666667,-122.1016,13.08.2012 13:11:22
driver02,driver02.1d7bc1d5-ad1c-4908-8b7b-f5239d838f3e.0,19.02.2015 15:26:58,4.48323907347475,459,47.681175,-122.102325,27.07.2012 14:40:06,47.6522516666667,-122.144011666667,27.07.2012 14:32:27
driver02,driver02.1ddd2391-62ea-48a7-ac1f-7adba1a33f06.0,19.02.2015 15:26:59,3.91772308662047,309,47.6519933333333,-122.145256666667,27.08.2012 13:06:59,47.6753266666667,-122.106078333333,27.08.2012 13:01:50
driver02,driver02.1efdf14d-e197-4807-a628-5b3b017b303d.0,19.02.2015 15:26:59,0.874778506883994,210,47.6271216666667,-122.146201666667,31.07.2012 01:17:34,47.6347116666667,-122.143143333333,31.07.2012 01:14:04
driver02,driver02.20f65a24-de6b-4d75-b8a7-1ee9d8c5ccc0.0,19.02.2015 15:26:59,5.29405638042263,707,47.6812433333333,-122.102325,08.08.2012 01:47:45,47.64146,-122.141121666667,08.08.2012 01:35:58
driver02,driver02.213c4e93-0cde-4cfd-b951-11a42d7bc6f4.0,19.02.2015 15:27:00,4.11434472690616,977,47.67292,-122.114723333333,26.07.2012 01:17:51,47.640965,-122.142386666667,26.07.2012 01:01:34
driver02,driver02.23364998-057e-4371-a18d-d469e80447cc.0,19.02.2015 15:27:01,5.25101353904191,1677,47.6420783333333,-122.141448333333,10.08.2012 16:17:02,47.681275,-122.102378333333,10.08.2012 15:49:05
driver02,driver02.247b7c5b-5379-4e6d-893d-e0b71ca0222d.0,19.02.2015 15:27:01,3.96792113542237,287,47.651905,-122.145271666667,20.07.2012 13:18:45,47.6759266666667,-122.10611,20.07.2012 13:13:58
driver02,driver02.25f61e04-10fd-4b39-af8c-d5f8e4e6bec5.0,19.02.2015 15:27:02,5.19456029217731,577,47.68119,-122.102348333333,03.08.2012 02:22:35,47.6436883333333,-122.143676666667,03.08.2012 02:12:58
driver02,driver02.2673fd0e-e13a-4dc1-838b-26b785f2aa8c.0,19.02.2015 15:27:02,2.88774978637019,730,47.6675483333333,-122.117156666667,18.07.2012 01:01:32,47.6870116666667,-122.142676666667,18.07.2012 00:49:22
driver02,driver02.28ddfc13-279d-4f3e-a960-4e2e37dd8e51.0,19.02.2015 15:27:02,4.15227548037466,267,47.6520316666667,-122.145271666667,20.08.2012 13:16:02,47.6779666666667,-122.1054,20.08.2012 13:11:35
driver02,driver02.28f457b1-74c0-4691-a996-b27922763a6a.0,19.02.2015 15:27:03,4.73505208816778,460,47.681225,-122.102325,10.08.2012 02:12:02,47.6465333333333,-122.138961666667,10.08.2012 02:04:22
driver02,driver02.2963fcce-8eaf-4b88-878f-f025d8859f5e.0,19.02.2015 15:27:03,8.56562786645632,1177,47.6812133333333,-122.102295,15.07.2012 05:12:41,47.6087533333333,-122.141006666667,15.07.2012 04:53:04
driver02,driver02.2afcfe38-6813-409c-a8cc-dddc6e45f13b.0,19.02.2015 15:27:04,1.5543813204612,599,47.6813133333333,-122.103118333333,22.08.2012 19:35:51,47.6817966666667,-122.123863333333,22.08.2012 19:25:52
driver02,driver02.2c9a652f-51d2-4b1e-95b1-b2d5cbd04faa.0,19.02.2015 15:27:04,4.60526240663148,647,47.6517866666667,-122.145271666667,14.08.2012 15:57:21,47.68145,-122.102378333333,14.08.2012 15:46:34
driver02,driver02.2e3c6d25-da9e-4866-9646-9c81fcb13df2.0,19.02.2015 15:27:04,4.50822563693452,399,47.6811983333333,-122.102325,20.08.2012 14:37:43,47.6523783333333,-122.144645,20.08.2012 14:31:04
driver02,driver02.3243e828-690c-4532-af02-06b0487dc092.0,19.02.2015 15:27:05,5.27332929810789,757,47.6416816666667,-122.141051666667,13.08.2012 16:12:41,47.68129,-122.102363333333,13.08.2012 16:00:04
driver02,driver02.3319f1e6-68d7-4a88-9c75-51149b4f6639.0,19.02.2015 15:27:05,4.24326833274585,369,47.6812016666667,-122.102325,10.08.2012 14:41:43,47.654785,-122.143196666667,10.08.2012 14:35:34
driver02,driver02.33e77f80-1aaf-4490-8c26-8f6db3508c18.0,19.02.2015 15:27:05,5.18297403472851,937,47.6820716666667,-122.18106,01.08.2012 00:47:11,47.64304,-122.143265,01.08.2012 00:31:34
driver02,driver02.35c2cb05-968a-4c24-8836-a171e6c8f744.0,19.02.2015 15:27:07,5.03077751712839,1177,47.6812583333333,-122.102431666667,04.08.2012 01:12:41,47.643605,-122.13964,04.08.2012 00:53:04
driver02,driver02.3661926e-bdfd-4700-9759-2f54fbfdfec4.0,19.02.2015 15:27:07,4.71831485431783,557,47.6812633333333,-122.102295,25.08.2012 01:21:21,47.6469416666667,-122.139313333333,25.08.2012 01:12:04
driver02,driver02.375c1f2a-5b3d-4e9c-9c56-292da62eff18.0,19.02.2015 15:27:08,5.27438897619814,675,47.6416933333333,-122.14067,16.07.2012 16:00:19,47.68116,-122.101638333333,16.07.2012 15:49:04
driver02,driver02.37be4c6a-4741-42b9-8508-20da06154c8b.0,19.02.2015 15:27:09,21.1974358161255,1737,47.50336,-122.203506666667,15.07.2012 18:09:01,47.68113,-122.101653333333,15.07.2012 17:40:04
driver02,driver02.3b1e5ea0-acd3-43b7-a478-61e6dce14a3f.0,19.02.2015 15:27:09,5.21181934400152,707,47.6418766666667,-122.140106666667,20.07.2012 16:03:51,47.68121,-122.102295,20.07.2012 15:52:04
driver02,driver02.3d6c3d3a-1406-4368-8314-17033a1b75f2.0,19.02.2015 15:27:09,4.56542931396936,697,47.6869883333333,-122.142593333333,18.07.2012 00:43:12,47.64597,-122.140343333333,18.07.2012 00:31:35
driver02,driver02.3e16ede4-256e-4367-ae17-1b712b24f5fc.0,19.02.2015 15:27:10,8.18552528228711,857,47.6721183333333,-122.110686666667,13.08.2012 00:23:51,47.6158333333333,-122.18106,13.08.2012 00:09:34
driver02,driver02.3f5e3166-76f9-4784-a495-5a1d84f380db.0,19.02.2015 15:27:10,5.26546708904144,389,47.64191,-122.139983333333,22.08.2012 19:47:51,47.681545,-122.101546666667,22.08.2012 19:41:22
driver02,driver02.3ff445d8-3330-4f9a-aa77-56d880671411.0,19.02.2015 15:27:10,0.866028948884787,227,47.6086966666667,-122.140586666667,15.07.2012 03:55:21,47.603375,-122.132156666667,15.07.2012 03:51:34
driver02,driver02.4114af15-6cac-4f95-9882-bad91171c6b5.0,19.02.2015 15:27:11,8.83842763912886,1607,47.6043666666667,-122.132346666667,15.07.2012 02:34:45,47.68121,-122.10231,15.07.2012 02:07:58
driver02,driver02.412bcaa7-0fee-45a1-bf91-d3476a0da3c2.0,19.02.2015 15:27:12,5.02904031783888,499,47.6813016666667,-122.103126666667,22.08.2012 17:28:11,47.64338,-122.139686666667,22.08.2012 17:19:52
driver02,driver02.43108ac8-e36c-41e8-9ca7-6675918faaa2.0,19.02.2015 15:27:12,4.54246988930142,309,47.6519133333333,-122.145325,08.08.2012 13:15:32,47.6806183333333,-122.102188333333,08.08.2012 13:10:23
driver02,driver02.460a0f8a-c463-4397-9ba5-170bed80f0da.0,19.02.2015 15:27:13,5.05339614248978,868,47.6811866666667,-122.10231,10.07.2012 01:42:32,47.6432183333333,-122.139358333333,10.07.2012 01:28:04
driver02,driver02.4685de97-9398-431e-803f-bc6ce107b090.0,19.02.2015 15:27:14,1.19424778723469,1637,47.672295,-122.111435,26.07.2012 16:24:39,47.6812133333333,-122.102555,26.07.2012 15:57:22
driver02,driver02.469e0696-3ab8-44d7-9137-fc7a87eb07a9.0,19.02.2015 15:27:14,4.6176160048263,369,47.65178,-122.145233333333,29.08.2012 13:20:13,47.6811183333333,-122.101616666667,29.08.2012 13:14:04
driver02,driver02.48ad43cc-5449-465f-b5c5-e8384a7f33aa.0,19.02.2015 15:27:15,4.48529899921722,477,47.6811983333333,-122.102348333333,13.07.2012 14:49:19,47.65213,-122.143851666667,13.07.2012 14:41:22
driver02,driver02.4b55a99c-a967-4e1d-a839-1f40375626a0.0,19.02.2015 15:27:15,3.95410404351703,1387,47.6717416666667,-122.114838333333,30.08.2012 01:37:11,47.641555,-122.142715,30.08.2012 01:14:04
driver02,driver02.4b55a99c-a967-4e1d-a839-1f40375626a0.1,19.02.2015 15:27:16,1.37161518979558,279,47.6812133333333,-122.10231,30.08.2012 01:45:37,47.6714483333333,-122.113495,30.08.2012 01:40:58
driver02,driver02.4c3d9fca-03ef-4c76-8313-edb0b4b84f9d.0,19.02.2015 15:27:16,6.93632996171519,807,47.6812933333333,-122.103088333333,26.08.2012 20:23:31,47.627155,-122.14904,26.08.2012 20:10:04
driver02,driver02.4d619dd4-77e1-4cb2-bb30-08f26aaedca1.0,19.02.2015 15:27:17,4.56675097764976,642,47.6812016666667,-122.102325,20.07.2012 14:42:45,47.6519316666667,-122.14508,20.07.2012 14:32:03
driver02,driver02.51ca299b-f7de-4194-aae4-153089389fee.0,19.02.2015 15:27:17,4.57943196291499,499,47.6519083333333,-122.145218333333,01.08.2012 13:18:17,47.6812366666667,-122.10231,01.08.2012 13:09:58
driver02,driver02.51e53f8d-6ed5-40f7-8562-fb11aec98446.0,19.02.2015 15:27:17,6.86013488062762,897,47.68119,-122.10234,31.07.2012 01:41:31,47.6270333333333,-122.146156666667,31.07.2012 01:26:34
driver02,driver02.52efd639-29da-4306-a289-279575f46335.0,19.02.2015 15:27:18,4.18150632569103,329,47.6521116666667,-122.145355,15.08.2012 13:19:33,47.67826,-122.105246666667,15.08.2012 13:14:04
driver02,driver02.5351b99d-2290-44fd-a884-f82af522c3c2.0,19.02.2015 15:27:18,4.64564258482957,477,47.6420933333333,-122.141258333333,27.07.2012 01:37:49,47.67656,-122.106231666667,27.07.2012 01:29:52
driver02,driver02.5351b99d-2290-44fd-a884-f82af522c3c2.1,19.02.2015 15:27:19,5.28765965683523,600,47.6811983333333,-122.102348333333,27.07.2012 01:52:29,47.641575,-122.14135,27.07.2012 01:42:29
driver02,driver02.53626b76-964a-4d6a-b634-c0dd37845150.0,19.02.2015 15:27:19,5.21668317618757,599,47.64188,-122.140053333333,17.08.2012 15:57:57,47.6813016666667,-122.102325,17.08.2012 15:47:58
driver02,driver02.53756e2f-c149-422d-9363-9568079791c4.0,19.02.2015 15:27:19,4.70059874140866,477,47.6812666666667,-122.102348333333,18.08.2012 01:21:31,47.64603,-122.136993333333,18.08.2012 01:13:34
driver02,driver02.537c7aea-cdc6-4899-90da-11a16c091312.0,19.02.2015 15:27:20,1.30563704956693,169,47.681205,-122.10231,26.07.2012 01:51:11,47.6729466666667,-122.1147,26.07.2012 01:48:22
driver02,driver02.54027dc9-6f5b-4382-af37-c589465077c5.0,19.02.2015 15:27:21,4.57487151341944,368,47.6519433333333,-122.145286666667,22.08.2012 13:23:06,47.680855,-122.101845,22.08.2012 13:16:58
driver02,driver02.562d4098-67b4-405d-aa0d-4d982bbcc954.0,19.02.2015 15:27:21,5.88986386360438,1047,47.68119,-122.102363333333,01.08.2012 01:27:19,47.6820683333333,-122.181006666667,01.08.2012 01:09:52
driver02,driver02.59dc4868-7d79-4e82-b95e-89e950f3f0c4.0,19.02.2015 15:27:21,2.05793771396295,907,47.6628383333333,-122.104041666667,22.08.2012 17:49:59,47.6813316666667,-122.103188333333,22.08.2012 17:34:52
driver02,driver02.5bddd9fb-d5c9-4f20-8000-10c4c9d03f78.0,19.02.2015 15:27:22,4.48343693124854,437,47.6812283333333,-122.102348333333,11.07.2012 14:42:22,47.6521983333333,-122.143875,11.07.2012 14:35:05
driver02,driver02.5d13b53b-4c45-47c9-a3a7-59ab1bf148b3.0,19.02.2015 15:27:22,5.0738341623558,609,47.6811716666667,-122.10234,14.07.2012 21:32:07,47.726585,-122.108741666667,14.07.2012 21:21:58
driver02,driver02.5e644405-f69e-4fc1-bcb3-f447b10d66b5.0,19.02.2015 15:27:22,1.16070354722507,298,47.6811983333333,-122.102295,13.08.2012 00:57:32,47.6724516666667,-122.110748333333,13.08.2012 00:52:34
driver02,driver02.6117f14d-7e73-4ea8-a1e0-570b14349c9e.0,19.02.2015 15:27:22,4.60458725085944,347,47.6518483333333,-122.14537,03.08.2012 13:17:21,47.6812316666667,-122.102066666667,03.08.2012 13:11:34
driver02,driver02.622e97c9-373a-4d99-b657-5427078bdc1f.0,19.02.2015 15:27:23,4.93190901087976,477,47.681205,-122.10234,14.07.2012 01:26:31,47.644695,-122.139701666667,14.07.2012 01:18:34
driver02,driver02.6300e47c-f242-4511-b436-abf47eaaa0b5.0,19.02.2015 15:27:23,4.46309093082922,397,47.6812816666667,-122.102295,15.08.2012 14:37:59,47.6523133333333,-122.143525,15.08.2012 14:31:22
driver02,driver02.6394b6b8-ece1-4380-b262-96119ec7bff5.0,19.02.2015 15:27:23,5.35911029714422,729,47.64138,-122.140518333333,01.08.2012 16:16:38,47.6818083333333,-122.1016,01.08.2012 16:04:29
driver02,driver02.6a4e599b-c3fe-4765-91ba-8bdfc28cc0df.0,19.02.2015 15:27:24,4.29872852767651,299,47.6519666666667,-122.145286666667,11.07.2012 13:15:33,47.6789666666667,-122.104225,11.07.2012 13:10:34
driver02,driver02.6e136ad3-af88-481c-a8e9-9b860d623098.0,19.02.2015 15:27:24,5.21335049651802,559,47.6419983333333,-122.139808333333,27.07.2012 16:10:23,47.6812283333333,-122.101723333333,27.07.2012 16:01:04
driver02,driver02.6e81d45e-3e13-445a-a156-eaf0b22b8e0c.0,19.02.2015 15:27:24,5.06767290629752,1008,47.681195,-122.102363333333,02.08.2012 01:45:22,47.6428866666667,-122.138985,02.08.2012 01:28:34
driver02,driver02.7142a009-5c16-4231-b3c0-74f313dd3b74.0,19.02.2015 15:27:25,4.58703490755517,539,47.6811783333333,-122.102325,27.08.2012 14:33:33,47.6519516666667,-122.14553,27.08.2012 14:24:34
driver02,driver02.72dc8f59-30c3-4c91-835d-2d980f4fbda3.0,19.02.2015 15:27:25,4.97290815832587,677,47.6812483333333,-122.10234,24.08.2012 01:33:51,47.6445316666667,-122.14022,24.08.2012 01:22:34
driver02,driver02.744589d6-38b1-47ff-ba43-4c78c5b66089.0,19.02.2015 15:27:25,0.901382844606051,179,47.681175,-122.10228,23.08.2012 01:48:21,47.674175,-122.108345,23.08.2012 01:45:22
driver02,driver02.765a24bc-af04-45b5-b112-9683cbbe37bd.0,19.02.2015 15:27:26,4.85720022526835,828,47.681175,-122.10234,09.08.2012 01:25:52,47.645725,-122.140205,09.08.2012 01:12:04
driver02,driver02.7727106e-74b7-4bb5-a6d4-90d1d02977cd.0,19.02.2015 15:27:27,5.10387839744004,538,47.6420216666667,-122.142226666667,18.07.2012 15:47:48,47.6797183333333,-122.103378333333,18.07.2012 15:38:50
driver02,driver02.7868a10d-a918-4cec-b1c0-90fc0fa28847.0,19.02.2015 15:27:28,21.1732000257478,1937,47.6812483333333,-122.103058333333,15.07.2012 21:42:39,47.5033833333333,-122.203643333333,15.07.2012 21:10:22
driver02,driver02.7b0b9fca-6d06-40ac-ae01-3fa9cf140415.0,19.02.2015 15:27:28,4.62014586313911,339,47.6518666666667,-122.145256666667,13.07.2012 13:25:13,47.68119,-122.10157,13.07.2012 13:19:34
driver02,driver02.7f31522a-05d1-4aa8-a837-ba8e02389d35.0,19.02.2015 15:27:29,1.6459268581538,517,47.6781316666667,-122.123855,19.07.2012 16:08:11,47.6811566666667,-122.10234,19.07.2012 15:59:34
driver02,driver02.7f31522a-05d1-4aa8-a837-ba8e02389d35.1,19.02.2015 15:27:29,4.2311947584417,580,47.64212,-122.141448333333,19.07.2012 16:21:21,47.6783716666667,-122.124328333333,19.07.2012 16:11:41
driver02,driver02.82205042-af18-4c5b-bdb3-6635caafc409.0,19.02.2015 15:27:30,4.52672677760502,429,47.6812933333333,-122.10231,29.08.2012 14:35:13,47.6519166666667,-122.144135,29.08.2012 14:28:04
driver02,driver02.822d68ca-58b8-4ffe-9cb1-4bd95e6aed51.0,19.02.2015 15:27:30,5.23075609733381,627,47.64193,-122.140091666667,28.08.2012 16:15:25,47.6811983333333,-122.10167,28.08.2012 16:04:58
driver02,driver02.851dc067-4eb8-48d8-84aa-b7b54c39f5e9.0,19.02.2015 15:27:31,5.25769689475399,681,47.64162,-122.140533333333,10.07.2012 16:20:55,47.6812483333333,-122.102271666667,10.07.2012 16:09:34
driver02,driver02.8537412b-b011-4b1b-b85d-7d6397bb6ace.0,19.02.2015 15:27:31,4.9705312501761,647,47.641975,-122.14029,29.08.2012 16:10:32,47.6789783333333,-122.103088333333,29.08.2012 15:59:45
driver02,driver02.85d61161-464e-4dcd-8f3f-19162740d742.0,19.02.2015 15:27:31,4.85871349857281,479,47.681225,-122.102295,21.07.2012 01:57:33,47.6454083333333,-122.139426666667,21.07.2012 01:49:34
driver02,driver02.87030048-4c11-4b50-aa0f-8b94d2c4dbd5.0,19.02.2015 15:27:32,4.53461104546452,387,47.651905,-122.145271666667,16.07.2012 13:17:31,47.6812016666667,-122.103171666667,16.07.2012 13:11:04
driver02,driver02.87f02747-43ac-4aec-9483-d3fc66d918d5.0,19.02.2015 15:27:32,5.23831581056731,678,47.6421133333333,-122.141296666667,16.08.2012 16:06:52,47.6812583333333,-122.102416666667,16.08.2012 15:55:34
driver02,driver02.8cbe2859-85d1-49ed-8357-4162b5784134.0,19.02.2015 15:27:32,5.19630830493908,549,47.6419066666667,-122.139861666667,20.08.2012 16:06:13,47.6812166666667,-122.102378333333,20.08.2012 15:57:04
driver02,driver02.9354638b-f667-47d0-ba4b-b42a34d6146f.0,19.02.2015 15:27:33,4.26023653794092,387,47.6811683333333,-122.102348333333,23.07.2012 14:33:31,47.65459,-122.143303333333,23.07.2012 14:27:04
driver02,driver02.97270df8-d91b-45b3-9212-ce0c347842cb.0,19.02.2015 15:27:34,4.92635942991356,1107,47.6812933333333,-122.102295,11.07.2012 01:17:55,47.6450116666667,-122.140015,11.07.2012 00:59:28
driver02,driver02.97f6f43b-c108-4885-b435-12bce7891285.0,19.02.2015 15:27:34,0.212936656921342,69,47.4909166666667,-121.794388333333,12.08.2012 00:02:13,47.4910083333333,-121.797218333333,12.08.2012 00:01:04
driver02,driver02.97f6f43b-c108-4885-b435-12bce7891285.1,19.02.2015 15:27:35,0.205857460415566,60,47.49139,-121.797218333333,12.08.2012 00:13:01,47.4909133333333,-121.794571666667,12.08.2012 00:12:01
driver02,driver02.97f6f43b-c108-4885-b435-12bce7891285.2,19.02.2015 15:27:36,31.1391773604374,2020,47.6812166666667,-122.10231,12.08.2012 00:51:51,47.4914666666667,-121.797111666667,12.08.2012 00:18:11
driver02,driver02.9ac94907-471f-4198-ac8e-65aa522d9fd9.0,19.02.2015 15:27:36,4.66375718539671,609,47.68106,-122.10247,28.07.2012 00:17:32,47.6459966666667,-122.136611666667,28.07.2012 00:07:23
driver02,driver02.a0bf30f2-2498-46f4-8d82-eb2c321c462a.0,19.02.2015 15:27:36,5.4768543450416,973,47.6414833333333,-122.139861666667,20.07.2012 18:49:11,47.682235,-122.1809,20.07.2012 18:32:58
driver02,driver02.a39c8af9-408e-4895-b69f-a7927edab7e5.0,19.02.2015 15:27:37,4.64986695299406,638,47.6811716666667,-122.102348333333,17.07.2012 01:45:00,47.646,-122.135901666667,17.07.2012 01:34:22
driver02,driver02.a425cad8-05b2-47d0-a99b-059e429546a3.0,19.02.2015 15:27:37,5.25400131388729,747,47.6420133333333,-122.141471666667,07.08.2012 16:14:31,47.681225,-122.102363333333,07.08.2012 16:02:04
driver02,driver02.a73dfee4-ab49-4e46-a17c-3a588eedddae.0,19.02.2015 15:27:37,2.60364328149027,777,47.6811866666667,-122.10234,16.08.2012 01:14:31,47.6672016666667,-122.130218333333,16.08.2012 01:01:34
driver02,driver02.a7dfd7e6-6c42-4edb-b055-bab05b08d2dd.0,19.02.2015 15:27:38,1.12008717527125,268,47.6811416666667,-122.10257,18.07.2012 01:17:02,47.6724433333333,-122.110106666667,18.07.2012 01:12:34
driver02,driver02.a8de35f4-d7ca-43c3-a520-bd597568cdb6.0,19.02.2015 15:27:38,6.83990618476624,597,47.681195,-122.102348333333,24.07.2012 01:52:01,47.6272283333333,-122.146118333333,24.07.2012 01:42:04
driver02,driver02.ae6f5d11-e36a-4a78-8ce2-2b868d9ee2e7.0,19.02.2015 15:27:38,4.17484754151183,319,47.651985,-122.145286666667,26.08.2012 17:50:11,47.6781433333333,-122.105316666667,26.08.2012 17:44:52
driver02,driver02.b3f13dd4-4eb1-4bd3-8547-482beda34e08.0,19.02.2015 15:27:39,4.16984314547499,467,47.6811866666667,-122.10231,06.08.2012 14:41:09,47.65496,-122.14209,06.08.2012 14:33:22
driver02,driver02.b4f98118-4447-4e23-9575-e1451b65dd49.0,19.02.2015 15:27:39,5.23385777156484,718,47.64191,-122.14074,31.07.2012 15:50:32,47.6812316666667,-122.102363333333,31.07.2012 15:38:34
driver02,driver02.b6edc30e-a615-46b7-8dc1-90e6d1ba6330.0,19.02.2015 15:27:40,6.97838093104178,617,47.6812016666667,-122.102325,12.08.2012 20:31:21,47.62701,-122.149261666667,12.08.2012 20:21:04
driver02,driver02.b818c44f-0689-4fe8-b7dd-8e64bbc22a91.0,19.02.2015 15:27:40,5.16151204821787,717,47.6425483333333,-122.140601666667,23.07.2012 15:58:31,47.6811516666667,-122.102363333333,23.07.2012 15:46:34
driver02,driver02.b8ecb02b-bfc0-43e9-b8d5-4f5efc70c901.0,19.02.2015 15:27:41,5.23291743543427,678,47.64204,-122.141365,15.08.2012 16:13:52,47.68111,-122.102448333333,15.08.2012 16:02:34
driver02,driver02.be9f745e-f84f-4f2f-8272-c8c25281d911.0,19.02.2015 15:27:41,4.09376608150659,287,47.6518783333333,-122.145378333333,10.08.2012 13:18:21,47.67738,-122.105971666667,10.08.2012 13:13:34
driver02,driver02.bf3dea78-89a5-401a-9bbb-5555e79dd6fe.0,19.02.2015 15:27:41,4.63786462285468,587,47.6811866666667,-122.10228,08.08.2012 14:42:45,47.6513483333333,-122.14553,08.08.2012 14:32:58
driver02,driver02.bf8c5642-b5af-44b4-b043-cef817cb1b72.0,19.02.2015 15:27:42,5.1147129527924,1777,47.64185,-122.13964,21.08.2012 16:22:41,47.68042,-122.102463333333,21.08.2012 15:53:04
driver02,driver02.c07db838-8237-4672-b626-707967ae2974.0,19.02.2015 15:27:42,4.60646099620149,349,47.6519516666667,-122.145233333333,25.07.2012 13:15:53,47.6811366666667,-122.1016,25.07.2012 13:10:04
driver02,driver02.c55add6c-fb24-4207-9fe5-779592229e5b.0,19.02.2015 15:27:43,4.64433729292696,577,47.6811783333333,-122.10234,13.08.2012 14:46:59,47.65073,-122.144768333333,13.08.2012 14:37:22
driver02,driver02.c58d24a5-2fc5-4d2a-993d-699b15166fef.0,19.02.2015 15:27:43,5.23417717821858,817,47.64214,-122.141266666667,11.07.2012 16:05:41,47.681095,-122.102066666667,11.07.2012 15:52:04
driver02,driver02.c667e16c-ce98-4d0f-8ad9-18c5a2216b14.0,19.02.2015 15:27:43,5.26817209375232,687,47.6418083333333,-122.14064,30.08.2012 16:19:01,47.6812966666667,-122.101806666667,30.08.2012 16:07:34
driver02,driver02.c7003fd0-e3d9-4170-9389-ce97e4747872.0,19.02.2015 15:27:44,4.57187019712646,687,47.6811833333333,-122.102348333333,22.08.2012 14:45:01,47.651935,-122.145233333333,22.08.2012 14:33:34
driver02,driver02.c7871952-7b75-4c4d-a055-d8b7b333d725.0,19.02.2015 15:27:44,5.32685677626628,631,47.6416133333333,-122.140708333333,24.07.2012 16:14:29,47.6812933333333,-122.100891666667,24.07.2012 16:03:58
driver02,driver02.c7fa891e-9928-4940-9409-412a2187f32f.0,19.02.2015 15:27:45,4.97105771353161,1066,47.6417266666667,-122.140746666667,13.07.2012 16:01:38,47.6789666666667,-122.104056666667,13.07.2012 15:43:52
driver02,driver02.c9bdeba6-340d-45d9-a2eb-86693ee7575c.0,19.02.2015 15:27:46,4.64678983086657,567,47.68116,-122.10234,15.08.2012 01:56:01,47.6460183333333,-122.135886666667,15.08.2012 01:46:34
driver02,driver02.cce76cda-cb4d-450e-bd5f-b59dde3e89fa.0,19.02.2015 15:27:46,6.83245189702197,1017,47.68119,-122.102348333333,29.08.2012 01:43:55,47.6272433333333,-122.145965,29.08.2012 01:26:58
driver02,driver02.cdd91491-ed44-489b-82f2-da9b4c1cb6d7.0,19.02.2015 15:27:47,5.03746319050147,977,47.68203,-122.180976666667,25.07.2012 00:19:15,47.64481,-122.142661666667,25.07.2012 00:02:58
driver02,driver02.cf407490-efd5-4acb-bbf0-e46237fb66e0.0,19.02.2015 15:27:47,5.20128092552556,666,47.6416933333333,-122.14061,08.08.2012 16:00:58,47.6810333333333,-122.103073333333,08.08.2012 15:49:52
driver02,driver02.d01ecc44-08b0-4b95-973e-75b029e8f265.0,19.02.2015 15:27:47,4.9967330780819,668,47.6812016666667,-122.102363333333,07.08.2012 01:17:12,47.6445916666667,-122.141021666667,07.08.2012 01:06:04
driver02,driver02.d521631c-33c3-4eca-b5ae-8797507f85ca.0,19.02.2015 15:27:48,4.55586698900762,479,47.6419566666667,-122.140808333333,24.08.2012 16:22:03,47.6755983333333,-122.106116666667,24.08.2012 16:14:04
driver02,driver02.d5fd5d7f-3abb-4f6f-835c-be28f446bfea.0,19.02.2015 15:27:48,4.60755498428455,369,47.6518366666667,-122.14505,12.08.2012 17:48:07,47.681175,-122.101623333333,12.08.2012 17:41:58
driver02,driver02.d835178b-653d-4c08-8e90-f12631a993cb.0,19.02.2015 15:27:48,2.71350737994422,401,47.6273416666667,-122.14914,12.08.2012 19:15:03,47.65158,-122.145026666667,12.08.2012 19:08:22
driver02,driver02.dab1efae-26ee-4a6b-8ce7-6cd27e99a762.0,19.02.2015 15:27:48,1.60583813815033,257,47.6271816666667,-122.14605,24.07.2012 01:32:21,47.6414416666667,-122.1427,24.07.2012 01:28:04
driver02,driver02.db5059ac-ede9-463d-be75-b7bef2daebe1.0,19.02.2015 15:27:49,2.57850038800235,627,47.681865,-122.123596666667,22.08.2012 18:44:01,47.6627883333333,-122.104035,22.08.2012 18:33:34
driver02,driver02.db526d9c-5eba-4420-aa98-95aadfb5a297.0,19.02.2015 15:27:49,5.89520044958941,1298,47.6811866666667,-122.102325,25.07.2012 01:16:42,47.6821166666667,-122.181038333333,25.07.2012 00:55:04
driver02,driver02.dcf24020-4416-46ce-a575-167ec8f9736e.0,19.02.2015 15:27:50,9.40036176257504,707,47.6158216666667,-122.181526666667,12.08.2012 23:38:21,47.681595,-122.102745,12.08.2012 23:26:34
driver02,driver02.e286892b-4a76-464b-a303-2773330351c9.0,19.02.2015 15:27:50,3.37600991389417,887,47.6716,-122.136771666667,16.08.2012 00:38:51,47.641475,-122.14228,16.08.2012 00:24:04
driver02,driver02.e3db046a-ce5c-434b-ad55-dc12a4855b76.0,19.02.2015 15:27:51,4.52152139542787,458,47.681175,-122.102348333333,01.08.2012 14:40:43,47.6516566666667,-122.143851666667,01.08.2012 14:33:05
driver02,driver02.e4747dd1-0815-4fe2-a744-7f705566cb66.0,19.02.2015 15:27:51,1.26569588593337,648,47.627315,-122.145873333333,29.08.2012 01:20:16,47.638565,-122.143333333333,29.08.2012 01:09:28
driver02,driver02.e476d059-5c17-4e17-b0d2-f1a8df4aad5d.0,19.02.2015 15:27:52,2.76665731588729,341,47.6271783333333,-122.149155,26.08.2012 19:17:15,47.6519083333333,-122.145186666667,26.08.2012 19:11:34
driver02,driver02.e6267be0-65c4-4a52-9ba5-0e39df986ec3.0,19.02.2015 15:27:52,0.685476245194945,230,47.6672816666667,-122.130286666667,16.08.2012 00:52:54,47.6714966666667,-122.136963333333,16.08.2012 00:49:04
driver02,driver02.e8999d0b-bd62-462d-b416-7ffae53f7228.0,19.02.2015 15:27:53,5.22728895476371,569,47.64191,-122.139968333333,22.08.2012 15:49:51,47.681175,-122.101623333333,22.08.2012 15:40:22
driver02,driver02.e92dc9bc-8755-43fa-9b30-6a87edee9c68.0,19.02.2015 15:27:53,4.90533278555454,490,47.641815,-122.139518333333,23.08.2012 16:13:14,47.6789433333333,-122.10418,23.08.2012 16:05:04
driver02,driver02.eb86fa9d-bec8-48b3-9536-973ddebf0dce.0,19.02.2015 15:27:53,4.82857478334326,507,47.6813283333333,-122.103103333333,27.08.2012 23:09:31,47.6458283333333,-122.140205,27.08.2012 23:01:04
driver02,driver02.ec095e66-700f-4839-8e8f-6417af3bd3ed.0,19.02.2015 15:27:54,4.26833154717454,1177,47.68119,-122.102325,22.08.2012 01:26:29,47.65501,-122.14399,22.08.2012 01:06:52
driver02,driver02.eced0fe2-4304-42c3-af60-24a2f2aed3fd.0,19.02.2015 15:27:54,4.61418684407094,330,47.6518866666667,-122.145233333333,23.07.2012 13:13:04,47.68116,-122.101585,23.07.2012 13:07:34
driver02,driver02.ee2e8d7c-3b1e-4f62-a0e0-888151f7571e.0,19.02.2015 15:27:55,0.896241003288564,282,47.6517866666667,-122.144821666667,22.08.2012 01:00:34,47.6437533333333,-122.14389,22.08.2012 00:55:52
driver02,driver02.ee32197f-69f9-4772-9e3e-25c414294da3.0,19.02.2015 15:27:55,4.69833243751004,628,47.6811983333333,-122.102295,03.08.2012 14:37:32,47.6504933333333,-122.14537,03.08.2012 14:27:04
driver02,driver02.f01cca4e-7e30-47d9-9eb8-80e398f78279.0,19.02.2015 15:27:56,0.777133139190732,260,47.6418033333333,-122.139846666667,14.08.2012 16:31:12,47.6484383333333,-122.143096666667,14.08.2012 16:26:52
driver02,driver02.f2dca548-6c97-4d20-b65c-ad1c5b56c07f.0,19.02.2015 15:27:56,5.23082723113384,757,47.642205,-122.141281666667,25.07.2012 16:07:59,47.6812516666667,-122.102363333333,25.07.2012 15:55:22
driver02,driver02.f4e3ffa7-889c-4588-92bc-fe333c7d049c.0,19.02.2015 15:27:57,4.67260260522156,559,47.6419366666667,-122.141228333333,17.07.2012 16:19:11,47.6766966666667,-122.106201666667,17.07.2012 16:09:52
driver02,driver02.f5507fa0-ab56-4cc0-aa13-c823c93b5972.0,19.02.2015 15:27:57,5.22579849546219,572,47.6417266666667,-122.139778333333,06.08.2012 16:02:00,47.6811333333333,-122.101791666667,06.08.2012 15:52:28
driver02,driver02.f5badd11-11e1-43e4-92a5-e76cdfe8134e.0,19.02.2015 15:27:58,5.35840032571119,1257,47.6812216666667,-122.102348333333,17.08.2012 01:34:49,47.64156,-122.142951666667,17.08.2012 01:13:52
driver02,driver02.f7ee9e15-c6c6-4bd6-9a9c-57fb1438c124.0,19.02.2015 15:27:58,5.19931360817636,747,47.6418916666667,-122.139586666667,12.07.2012 16:11:01,47.6813883333333,-122.102463333333,12.07.2012 15:58:34
driver02,driver02.fde61632-7a9a-43b9-a155-3b5373b7bc75.0,19.02.2015 15:27:59,1.18826166715666,167,47.6722,-122.110176666667,30.07.2012 16:10:21,47.681175,-122.10157,30.07.2012 16:07:34
driver02,driver02.fde61632-7a9a-43b9-a155-3b5373b7bc75.1,19.02.2015 15:27:59,4.05817083546092,523,47.6419683333333,-122.14035,30.07.2012 16:22:17,47.6722066666667,-122.110038333333,30.07.2012 16:13:34
driver02,driver02.fea1ecc5-768b-4f34-a014-335262a43bc3.0,19.02.2015 15:28:00,4.16559586183905,298,47.6518933333333,-122.145256666667,17.08.2012 13:20:32,47.67799,-122.10537,17.08.2012 13:15:34
